csv_column,object,property_label,field_type,internal_name_actual
first_name,Contact,First name,Text,
last_name,Contact,Last name,Text,
email,Contact,Email,Text,
deal_name,Deal,Deal name,Text,
pipeline,Deal,Pipeline,Enumeration,
request_id,Deal,Request ID,Single-line text,
direction,Deal,Direction,Dropdown select,
utm_source,Deal,UTM Source,Single-line text,
utm_medium,Deal,UTM Medium,Single-line text,
utm_campaign,Deal,UTM Campaign,Single-line text,
deal_stage,Deal,Deal stage,Enumeration,
created_at,Deal,Application Created At,Date and time picker,
