question,dimension,metric,scope_or_caution
Источник сеанса,Session source / medium,Sessions,Session
Кампания сеанса,Session campaign,Sessions,Session
Вариант Reel,Session manual ad content,Sessions,UTM content
Первая страница,Landing page,Sessions,Session
Все страницы,Page path and screen class,Views,Повторные просмотры учитываются
Частота действия,Event name,Event count,События а не пользователи
Все ключевые события,Session source,Key events,Проверить состав отмеченных событий
Доля сеансов с результатом,Session source / medium,Session key event rate,Выбрать generate_lead
Техническая группа,Device category,Active users,Проверить размер группы
Действия в Path,Event name,Total users,Явно выбрать метрику
